{
	"credit": "Made with Blockbench",
	"textures": {
		"0": "optifine/cit/ebi",
		"particle": "optifine/cit/ebi"
	},
	"elements": [
		{
			"from": [4.30556, 8.11111, 6],
			"to": [12.30556, 10.11111, 10],
			"faces": {
				"north": {"uv": [0, 6, 8, 8], "rotation": 180, "texture": "#0"},
				"east": {"uv": [1, 6, 3, 10], "rotation": 90, "texture": "#0"},
				"south": {"uv": [0, 6, 8, 8], "texture": "#0"},
				"west": {"uv": [0, 6, 2, 10], "rotation": 90, "texture": "#0"},
				"up": {"uv": [0, 6, 8, 10], "texture": "#0"},
				"down": {"uv": [0, 0, 8, 4], "texture": "#0"}
			}
		},
		{
			"from": [7.30556, 8.11111, 5],
			"to": [9.30556, 9.11111, 6],
			"faces": {
				"north": {"uv": [4, 6, 5, 7], "texture": "#0"},
				"east": {"uv": [4, 6, 5, 7], "texture": "#0"},
				"south": {"uv": [4, 6, 5, 7], "texture": "#0"},
				"west": {"uv": [4, 6, 5, 7], "texture": "#0"},
				"up": {"uv": [4, 6, 5, 7], "texture": "#0"},
				"down": {"uv": [4, 6, 5, 7], "texture": "#0"}
			}
		},
		{
			"from": [7.30556, 8.11111, 10],
			"to": [9.30556, 9.11111, 11],
			"faces": {
				"north": {"uv": [4, 6, 5, 7], "rotation": 90, "texture": "#0"},
				"east": {"uv": [4, 6, 5, 7], "rotation": 90, "texture": "#0"},
				"south": {"uv": [4, 6, 5, 7], "rotation": 90, "texture": "#0"},
				"west": {"uv": [4, 6, 5, 7], "rotation": 90, "texture": "#0"},
				"up": {"uv": [4, 6, 5, 7], "rotation": 90, "texture": "#0"},
				"down": {"uv": [4, 6, 5, 7], "rotation": 90, "texture": "#0"}
			}
		},
		{
			"from": [3.30556, 8.11111, 6],
			"to": [4.30556, 9.11111, 10],
			"faces": {
				"north": {"uv": [1, 6, 2, 7], "texture": "#0"},
				"east": {"uv": [1, 6, 2, 7], "texture": "#0"},
				"south": {"uv": [1, 6, 2, 7], "texture": "#0"},
				"west": {"uv": [1, 6, 2, 7], "texture": "#0"},
				"up": {"uv": [1, 6, 2, 7], "texture": "#0"},
				"down": {"uv": [1, 6, 2, 7], "texture": "#0"}
			}
		},
		{
			"from": [3.30556, 7.11111, 6],
			"to": [4.30556, 8.11111, 10],
			"faces": {
				"north": {"uv": [2, 2, 3, 3], "texture": "#0"},
				"east": {"uv": [0, 0, 4, 1], "texture": "#0"},
				"south": {"uv": [2, 3, 3, 4], "texture": "#0"},
				"west": {"uv": [0, 1, 4, 2], "texture": "#0"},
				"up": {"uv": [1, 6, 0, 2], "texture": "#0"},
				"down": {"uv": [2, 2, 1, 6], "texture": "#0"}
			}
		},
		{
			"from": [2.30556, 8.11111, 7],
			"to": [3.30556, 9.11111, 9],
			"faces": {
				"north": {"uv": [0, 6, 1, 7], "texture": "#0"},
				"east": {"uv": [0, 6, 1, 7], "texture": "#0"},
				"south": {"uv": [0, 6, 1, 7], "texture": "#0"},
				"west": {"uv": [0, 6, 1, 7], "texture": "#0"},
				"up": {"uv": [0, 6, 1, 7], "texture": "#0"},
				"down": {"uv": [0, 6, 1, 7], "texture": "#0"}
			}
		},
		{
			"from": [2.30556, 7.11111, 6],
			"to": [3.30556, 8.11111, 10],
			"faces": {
				"north": {"uv": [0, 6, 1, 7], "texture": "#0"},
				"east": {"uv": [0, 6, 1, 7], "texture": "#0"},
				"south": {"uv": [0, 6, 1, 7], "texture": "#0"},
				"west": {"uv": [0, 6, 1, 7], "texture": "#0"},
				"up": {"uv": [0, 6, 1, 7], "texture": "#0"},
				"down": {"uv": [0, 6, 1, 7], "texture": "#0"}
			}
		},
		{
			"from": [2.30556, 6.11111, 9],
			"to": [3.30556, 7.11111, 10],
			"faces": {
				"north": {"uv": [0, 6, 1, 7], "texture": "#0"},
				"east": {"uv": [0, 6, 1, 7], "texture": "#0"},
				"south": {"uv": [0, 6, 1, 7], "texture": "#0"},
				"west": {"uv": [0, 6, 1, 7], "texture": "#0"},
				"up": {"uv": [0, 6, 1, 7], "texture": "#0"},
				"down": {"uv": [0, 6, 1, 7], "texture": "#0"}
			}
		},
		{
			"from": [2.30556, 6.11111, 6],
			"to": [3.30556, 7.11111, 7],
			"faces": {
				"north": {"uv": [0, 6, 1, 7], "texture": "#0"},
				"east": {"uv": [0, 6, 1, 7], "texture": "#0"},
				"south": {"uv": [0, 6, 1, 7], "texture": "#0"},
				"west": {"uv": [0, 6, 1, 7], "texture": "#0"},
				"up": {"uv": [0, 6, 1, 7], "texture": "#0"},
				"down": {"uv": [0, 6, 1, 7], "texture": "#0"}
			}
		},
		{
			"from": [12.30556, 8.11111, 6],
			"to": [13.30556, 9.11111, 10],
			"faces": {
				"north": {"uv": [0, 6, 1, 7], "texture": "#0"},
				"east": {"uv": [0, 6, 1, 7], "texture": "#0"},
				"south": {"uv": [0, 6, 1, 7], "texture": "#0"},
				"west": {"uv": [0, 6, 1, 7], "texture": "#0"},
				"up": {"uv": [0, 6, 1, 7], "texture": "#0"},
				"down": {"uv": [0, 6, 1, 7], "texture": "#0"}
			}
		},
		{
			"from": [12.30556, 7.11111, 6],
			"to": [13.30556, 8.11111, 10],
			"faces": {
				"north": {"uv": [0, 0, 1, 1], "texture": "#0"},
				"east": {"uv": [0, 0, 4, 1], "texture": "#0"},
				"south": {"uv": [0, 0, 1, 1], "texture": "#0"},
				"west": {"uv": [0, 0, 4, 1], "texture": "#0"},
				"up": {"uv": [0, 0, 1, 4], "texture": "#0"},
				"down": {"uv": [0, 0, 1, 4], "texture": "#0"}
			}
		},
		{
			"from": [13.30556, 7.11111, 6],
			"to": [14.30556, 8.11111, 10],
			"faces": {
				"north": {"uv": [1, 7, 2, 8], "texture": "#0"},
				"east": {"uv": [1, 7, 2, 8], "texture": "#0"},
				"south": {"uv": [1, 7, 2, 8], "texture": "#0"},
				"west": {"uv": [1, 7, 2, 8], "texture": "#0"},
				"up": {"uv": [1, 7, 2, 8], "texture": "#0"},
				"down": {"uv": [1, 7, 2, 8], "texture": "#0"}
			}
		},
		{
			"from": [13.30556, 8.11111, 7],
			"to": [14.30556, 9.11111, 9],
			"faces": {
				"north": {"uv": [1, 6, 2, 8], "texture": "#0"},
				"east": {"uv": [1, 6, 2, 8], "texture": "#0"},
				"south": {"uv": [1, 6, 2, 8], "texture": "#0"},
				"west": {"uv": [1, 6, 2, 8], "texture": "#0"},
				"up": {"uv": [1, 6, 2, 8], "texture": "#0"},
				"down": {"uv": [1, 6, 2, 8], "texture": "#0"}
			}
		},
		{
			"from": [12.30556, 9.11111, 7],
			"to": [13.30556, 10.11111, 9],
			"faces": {
				"north": {"uv": [0, 6, 1, 8], "texture": "#0"},
				"east": {"uv": [0, 6, 1, 8], "texture": "#0"},
				"south": {"uv": [0, 6, 1, 8], "texture": "#0"},
				"west": {"uv": [0, 6, 1, 8], "texture": "#0"},
				"up": {"uv": [0, 6, 1, 8], "texture": "#0"},
				"down": {"uv": [0, 6, 1, 8], "texture": "#0"}
			}
		},
		{
			"from": [3.30556, 9.11111, 7],
			"to": [4.30556, 10.11111, 9],
			"faces": {
				"north": {"uv": [1, 6, 2, 8], "texture": "#0"},
				"east": {"uv": [1, 6, 2, 8], "texture": "#0"},
				"south": {"uv": [1, 6, 2, 8], "texture": "#0"},
				"west": {"uv": [1, 6, 2, 8], "texture": "#0"},
				"up": {"uv": [1, 6, 2, 8], "texture": "#0"},
				"down": {"uv": [1, 6, 2, 8], "texture": "#0"}
			}
		},
		{
			"from": [13.30556, 6.11111, 7],
			"to": [14.30556, 7.11111, 9],
			"faces": {
				"north": {"uv": [0, 6, 1, 7], "texture": "#0"},
				"east": {"uv": [0, 6, 1, 7], "texture": "#0"},
				"south": {"uv": [0, 6, 1, 7], "texture": "#0"},
				"west": {"uv": [0, 6, 1, 7], "texture": "#0"},
				"up": {"uv": [0, 6, 1, 7], "texture": "#0"},
				"down": {"uv": [0, 6, 1, 7], "texture": "#0"}
			}
		},
		{
			"from": [3.30556, 5.11111, 5],
			"to": [13.30556, 7.11111, 11],
			"faces": {
				"north": {"uv": [0, 0, 10, 2], "texture": "#0"},
				"east": {"uv": [0, 0, 1, 1], "rotation": 90, "texture": "#0"},
				"south": {"uv": [0, 0, 10, 2], "texture": "#0"},
				"west": {"uv": [0, 0, 1, 1], "texture": "#0"},
				"up": {"uv": [0, 0, 10, 6], "texture": "#0"},
				"down": {"uv": [0, 0, 10, 6], "texture": "#0"}
			}
		},
		{
			"from": [4.30556, 7.11111, 5],
			"to": [12.30556, 8.11111, 11],
			"faces": {
				"north": {"uv": [1, 0, 9, 1], "texture": "#0"},
				"east": {"uv": [0, 0, 1, 1], "texture": "#0"},
				"south": {"uv": [1, 0, 9, 1], "texture": "#0"},
				"west": {"uv": [0, 0, 3, 1], "texture": "#0"},
				"up": {"uv": [1, 0, 9, 6], "texture": "#0"},
				"down": {"uv": [0, 0, 8, 6], "texture": "#0"}
			}
		}
	],
	"display": {
		"thirdperson_righthand": {
			"translation": [0, 0.75, 0],
			"scale": [0.4, 0.4, 0.4]
		},
		"thirdperson_lefthand": {
			"translation": [0, 0.75, 0],
			"scale": [0.4, 0.4, 0.4]
		},
		"firstperson_righthand": {
			"translation": [0, 1.25, 0],
			"scale": [0.5, 0.5, 0.5]
		},
		"firstperson_lefthand": {
			"translation": [0, 1.25, 0],
			"scale": [0.5, 0.5, 0.5]
		},
		"ground": {
			"scale": [0.75, 0.75, 0.75]
		},
		"gui": {
			"rotation": [24, -27, 0]
		},
		"fixed": {
			"rotation": [-90, 0, 0],
			"translation": [0, 0, -1.75],
			"scale": [1.3, 1.3, 1.3]
		}
	}
}
