{
	"credit": "Made with Blockbench",
	"textures": {
		"0": "block/custom/hosomaki",
		"particle": "block/custom/hosomaki"
	},
	"elements": [
		{
			"from": [5, 6, 6],
			"to": [11, 10, 10],
			"faces": {
				"north": {"uv": [7, 0, 11, 4], "texture": "#0"},
				"east": {"uv": [7, 0, 11, 4], "texture": "#0"},
				"south": {"uv": [7, 0, 11, 4], "texture": "#0"},
				"west": {"uv": [7, 0, 11, 4], "texture": "#0"},
				"up": {"uv": [0, 1, 6, 5], "texture": "#0"},
				"down": {"uv": [0, 1, 6, 5], "texture": "#0"}
			}
		},
		{
			"from": [6, 6, 5],
			"to": [10, 10, 6],
			"faces": {
				"north": {"uv": [7, 0, 11, 4], "texture": "#0"},
				"east": {"uv": [7, 0, 8, 4], "texture": "#0"},
				"south": {"uv": [0, 0, 4, 4], "texture": "#missing"},
				"west": {"uv": [7, 0, 8, 4], "texture": "#0"},
				"up": {"uv": [1, 5, 5, 6], "texture": "#0"},
				"down": {"uv": [1, 5, 5, 6], "texture": "#0"}
			}
		},
		{
			"from": [6, 6, 10],
			"to": [10, 10, 11],
			"faces": {
				"north": {"uv": [0, 0, 4, 4], "texture": "#missing"},
				"east": {"uv": [7, 0, 8, 4], "texture": "#0"},
				"south": {"uv": [7, 0, 11, 4], "texture": "#0"},
				"west": {"uv": [7, 0, 8, 4], "texture": "#0"},
				"up": {"uv": [1, 0, 5, 1], "texture": "#0"},
				"down": {"uv": [1, 0, 5, 1], "texture": "#0"}
			}
		}
	],
	"display": {
		"thirdperson_righthand": {
			"translation": [0, 0.75, 0],
			"scale": [0.5, 0.5, 0.5]
		},
		"thirdperson_lefthand": {
			"translation": [0, 0.75, 0],
			"scale": [0.5, 0.5, 0.5]
		},
		"firstperson_righthand": {
			"translation": [0, 1.25, 0],
			"scale": [0.75, 0.75, 0.75]
		},
		"firstperson_lefthand": {
			"translation": [0, 1.25, 0],
			"scale": [0.75, 0.75, 0.75]
		},
		"ground": {
			"scale": [0.75, 0.75, 0.75]
		},
		"gui": {
			"rotation": [120, 0, -30],
			"scale": [1.5, 1.5, 1.5]
		},
		"fixed": {
			"rotation": [-90, 0, 0],
			"translation": [0, 0, -1],
			"scale": [1.5, 1.5, 1.5]
		}
	}
}
