{
	"credit": "Made with Blockbench",
	"textures": {
		"0": "block/custom/maguro",
		"particle": "block/custom/maguro"
	},
	"elements": [
		{
			"from": [4, 5.5, 5],
			"to": [12, 8.5, 11],
			"faces": {
				"north": {"uv": [8, 6, 16, 9], "texture": "#0"},
				"east": {"uv": [1, 5, 2, 8], "texture": "#0"},
				"south": {"uv": [8, 6, 16, 9], "texture": "#0"},
				"west": {"uv": [1, 5, 2, 8], "texture": "#0"},
				"up": {"uv": [0, 0, 1, 1], "texture": "#0"},
				"down": {"uv": [0, 8, 8, 9], "texture": "#0"}
			}
		},
		{
			"from": [5, 8.5, 5],
			"to": [11, 9.5, 11],
			"faces": {
				"north": {"uv": [1, 0, 7, 1], "texture": "#0"},
				"east": {"uv": [0, 0, 1, 1], "rotation": 90, "texture": "#0"},
				"south": {"uv": [1, 2, 7, 3], "texture": "#0"},
				"west": {"uv": [0, 0, 1, 1], "texture": "#0"},
				"up": {"uv": [1, 0, 7, 6], "texture": "#0"},
				"down": {"uv": [0, 0, 10, 6], "texture": "#0"}
			}
		},
		{
			"from": [11, 8.5, 6],
			"to": [12, 9.5, 10],
			"faces": {
				"north": {"uv": [0, 0, 1, 1], "texture": "#0"},
				"east": {"uv": [0, 0, 1, 4], "rotation": 90, "texture": "#0"},
				"south": {"uv": [0, 0, 1, 1], "texture": "#0"},
				"west": {"uv": [0, 0, 1, 1], "texture": "#0"},
				"up": {"uv": [5, 0, 6, 4], "texture": "#0"},
				"down": {"uv": [0, 0, 10, 6], "texture": "#0"}
			}
		},
		{
			"from": [4, 8.5, 6],
			"to": [5, 9.5, 10],
			"faces": {
				"north": {"uv": [0, 0, 1, 1], "texture": "#0"},
				"east": {"uv": [0, 0, 1, 1], "rotation": 90, "texture": "#0"},
				"south": {"uv": [0, 0, 1, 1], "texture": "#0"},
				"west": {"uv": [0, 0, 1, 4], "rotation": 90, "texture": "#0"},
				"up": {"uv": [6, 0, 7, 4], "texture": "#0"},
				"down": {"uv": [0, 0, 10, 6], "texture": "#0"}
			}
		},
		{
			"from": [12, 5.5, 6],
			"to": [13, 8.5, 10],
			"faces": {
				"north": {"uv": [1, 5, 2, 8], "texture": "#0"},
				"east": {"uv": [1, 5, 2, 8], "texture": "#0"},
				"south": {"uv": [1, 5, 2, 8], "texture": "#0"},
				"west": {"uv": [0, 6, 1, 9], "texture": "#0"},
				"up": {"uv": [8, 6, 9, 7], "texture": "#0"},
				"down": {"uv": [0, 8, 1, 9], "texture": "#0"}
			}
		},
		{
			"from": [3, 5.5, 6],
			"to": [4, 8.5, 10],
			"faces": {
				"north": {"uv": [1, 5, 2, 8], "texture": "#0"},
				"east": {"uv": [0, 0, 1, 1], "rotation": 90, "texture": "#0"},
				"south": {"uv": [2, 5, 3, 8], "texture": "#0"},
				"west": {"uv": [1, 5, 2, 8], "texture": "#0"},
				"up": {"uv": [0, 0, 1, 1], "texture": "#0"},
				"down": {"uv": [0, 7, 1, 8], "texture": "#0"}
			}
		}
	],
	"display": {
		"thirdperson_righthand": {
			"translation": [0, 0.75, 0],
			"scale": [0.41, 0.41, 0.41]
		},
		"thirdperson_lefthand": {
			"translation": [0, 0.75, 0],
			"scale": [0.41, 0.41, 0.41]
		},
		"firstperson_righthand": {
			"translation": [0, 1.25, 0],
			"scale": [0.5, 0.5, 0.5]
		},
		"firstperson_lefthand": {
			"translation": [0, 1.25, 0],
			"scale": [0.5, 0.5, 0.5]
		},
		"ground": {
			"scale": [0.75, 0.75, 0.75]
		},
		"gui": {
			"rotation": [24, -27, 0]
		},
		"fixed": {
			"rotation": [-90, 0, 0],
			"translation": [0, 0, -1.25],
			"scale": [1.3, 1.3, 1.3]
		}
	}
}
