{
	"credit": "Made with Blockbench",
	"textures": {
		"0": "block/custom/philadelphia",
		"particle": "block/custom/philadelphia"
	},
	"elements": [
		{
			"from": [5, 6, 5],
			"to": [11, 10, 11],
			"faces": {
				"north": {"uv": [7, 0, 11, 6], "rotation": 90, "texture": "#0"},
				"east": {"uv": [7, 0, 11, 6], "rotation": 90, "texture": "#0"},
				"south": {"uv": [7, 0, 11, 6], "rotation": 90, "texture": "#0"},
				"west": {"uv": [7, 0, 11, 6], "rotation": 90, "texture": "#0"},
				"up": {"uv": [0, 0, 6, 6], "rotation": 180, "texture": "#0"},
				"down": {"uv": [0, 0, 6, 6], "texture": "#0"}
			}
		}
	],
	"display": {
		"thirdperson_righthand": {
			"translation": [0, 1, 0],
			"scale": [0.5, 0.5, 0.5]
		},
		"thirdperson_lefthand": {
			"translation": [0, 1, 0],
			"scale": [0.5, 0.5, 0.5]
		},
		"firstperson_righthand": {
			"translation": [0, 1.25, 0],
			"scale": [0.75, 0.75, 0.75]
		},
		"firstperson_lefthand": {
			"translation": [0, 1.25, 0],
			"scale": [0.75, 0.75, 0.75]
		},
		"ground": {
			"scale": [0.75, 0.75, 0.75]
		},
		"gui": {
			"rotation": [120, 0, -30],
			"scale": [1.5, 1.5, 1.5]
		},
		"fixed": {
			"rotation": [90, 0, 0],
			"translation": [0, 0, -1],
			"scale": [1.5, 1.5, 1.5]
		}
	}
}
