{
	"credit": "Made with Blockbench",
	"textures": {
		"0": "block/custom/tamago",
		"particle": "block/custom/tamago"
	},
	"elements": [
		{
			"from": [4, 5.5, 5],
			"to": [12, 7.5, 11],
			"faces": {
				"north": {"uv": [0, 6, 8, 9], "texture": "#0"},
				"east": {"uv": [0, 6, 1, 9], "texture": "#0"},
				"south": {"uv": [0, 6, 8, 9], "texture": "#0"},
				"west": {"uv": [0, 6, 1, 9], "rotation": 270, "texture": "#0"},
				"up": {"uv": [0, 0, 1, 1], "texture": "#missing"},
				"down": {"uv": [0, 8, 8, 9], "texture": "#0"}
			}
		},
		{
			"from": [3.7, 7.5, 4.9],
			"to": [12.4, 9.5, 11.1],
			"rotation": {"angle": 0, "axis": "y", "origin": [9, 8, 8]},
			"faces": {
				"north": {"uv": [0, 5, 8, 6], "texture": "#0"},
				"east": {"uv": [1, 0, 3, 1], "texture": "#0"},
				"south": {"uv": [0, 5, 8, 6], "texture": "#0"},
				"west": {"uv": [1, 0, 3, 1], "texture": "#0"},
				"up": {"uv": [0, 0, 8, 6], "texture": "#0"},
				"down": {"uv": [0, 0, 8, 6], "texture": "#0"}
			}
		},
		{
			"from": [12.4, 7.5, 5.9],
			"to": [13.4, 9.5, 10.1],
			"rotation": {"angle": 0, "axis": "y", "origin": [9, 8, 8]},
			"faces": {
				"north": {"uv": [0, 0, 1, 1], "texture": "#0"},
				"east": {"uv": [7, 1, 8, 5], "rotation": 90, "texture": "#0"},
				"south": {"uv": [0, 0, 1, 1], "texture": "#0"},
				"west": {"uv": [0, 0, 1, 1], "texture": "#missing"},
				"up": {"uv": [7, 1, 8, 5], "texture": "#0"},
				"down": {"uv": [1, 1, 2, 5], "texture": "#0"}
			}
		},
		{
			"from": [2.7, 7.5, 5.9],
			"to": [3.7, 9.5, 10.1],
			"rotation": {"angle": 0, "axis": "y", "origin": [7, 8, 8]},
			"faces": {
				"north": {"uv": [0, 0, 1, 1], "texture": "#0"},
				"east": {"uv": [0, 0, 1, 1], "rotation": 90, "texture": "#missing"},
				"south": {"uv": [0, 0, 1, 1], "texture": "#0"},
				"west": {"uv": [7, 1, 8, 5], "rotation": 90, "texture": "#0"},
				"up": {"uv": [0, 1, 1, 5], "texture": "#0"},
				"down": {"uv": [1, 1, 2, 5], "texture": "#0"}
			}
		},
		{
			"from": [12, 5.5, 6],
			"to": [13, 7.5, 10],
			"faces": {
				"north": {"uv": [0, 6, 1, 9], "texture": "#0"},
				"east": {"uv": [0, 6, 1, 9], "texture": "#0"},
				"south": {"uv": [0, 6, 1, 9], "texture": "#0"},
				"west": {"uv": [0, 6, 1, 9], "texture": "#missing"},
				"up": {"uv": [8, 6, 9, 7], "texture": "#missing"},
				"down": {"uv": [0, 8, 1, 9], "texture": "#0"}
			}
		},
		{
			"from": [3, 5.5, 6],
			"to": [4, 7.5, 10],
			"faces": {
				"north": {"uv": [0, 6, 1, 9], "texture": "#0"},
				"east": {"uv": [0, 0, 1, 1], "rotation": 90, "texture": "#missing"},
				"south": {"uv": [0, 6, 1, 9], "texture": "#0"},
				"west": {"uv": [0, 6, 1, 9], "texture": "#0"},
				"up": {"uv": [0, 0, 1, 1], "texture": "#missing"},
				"down": {"uv": [0, 7, 1, 8], "texture": "#0"}
			}
		}
	],
	"display": {
		"thirdperson_righthand": {
			"translation": [0, 0.75, 0],
			"scale": [0.41, 0.41, 0.41]
		},
		"thirdperson_lefthand": {
			"translation": [0, 0.75, 0],
			"scale": [0.41, 0.41, 0.41]
		},
		"firstperson_righthand": {
			"translation": [0, 1.25, 0],
			"scale": [0.5, 0.5, 0.5]
		},
		"firstperson_lefthand": {
			"translation": [0, 1.25, 0],
			"scale": [0.5, 0.5, 0.5]
		},
		"ground": {
			"scale": [0.75, 0.75, 0.75]
		},
		"gui": {
			"rotation": [24, -27, 0]
		},
		"fixed": {
			"rotation": [-90, 0, 0],
			"translation": [0, 0, -1.25],
			"scale": [1.3, 1.3, 1.3]
		}
	}
}
